id_etudiant,nom,moyenne
182009,ATAKORA,17.31
503755,OUATTARA,15.955000000000002
601762,GBETO,15.885000000000002
362506,GBETO,15.7
552711,BARRY,15.29
799803,TRAORE,15.245000000000001
202992,MENSAH,15.021
997658,ADJOVI,14.9225
895820,AMOUZOU,14.62
309004,ASSOGBA,14.504999999999999
